curve_id,age,volume,ps124,ps126,ps128,ps1210,p34,p36,p38,p310,p44,p46,p48,p410,pbark,pchips,psawdust,pshaving,ptrim
2421002,10.0,0,0,0,0,0,0,0,0,0,0,0,0,0,0.0,0.0,0.0,0.0,0.0
2421002,20.0,3,1,0,0,0,1,0,0,0,0,0,0,0,0.0,0.0,0.0,0.0,0.0
2421002,30.0,10,11,0,0,0,11,0,0,0,4,0,0,0,0.0,0.02,0.0,0.0,0.0
2421002,40.0,17,116,0,0,0,116,0,0,0,36,0,0,0,0.03,0.12,0.02,0.01,0.01
2421002,50.0,35,1757,2,0,0,1757,2,0,0,542,0,0,0,0.43,1.54,0.27,0.17,0.14
2421002,60.0,58,5520,113,0,0,5520,112,0,0,1688,23,0,0,1.34,4.68,0.85,0.54,0.39
2421002,70.0,84,9439,680,9,0,9434,679,9,0,2828,142,2,0,2.41,8.53,1.54,0.95,0.66
2421002,80.0,110,12421,2485,121,0,12380,2467,121,0,3593,512,25,0,3.53,12.42,2.3,1.38,0.96
2421002,90.0,133,14844,4313,511,16,14686,4176,490,16,4106,841,97,3,4.53,15.66,2.99,1.78,1.22
2421002,100.0,155,16840,5974,1128,45,16498,5630,1068,45,4433,1096,209,10,5.4,18.26,3.6,2.14,1.44
2421002,110.0,175,18101,7645,1967,146,17499,6958,1767,129,4592,1307,322,23,6.16,20.43,4.15,2.45,1.64
2421002,120.0,192,18922,9179,2819,272,18053,8122,2445,230,4670,1483,422,38,6.8,22.23,4.62,2.72,1.81
2421002,130.0,206,19547,10477,3556,384,18447,9096,3026,320,4721,1628,506,52,7.33,23.72,5.01,2.93,1.95
2421002,140.0,219,19926,11481,4241,589,18600,9794,3546,477,4727,1742,581,73,7.76,24.85,5.32,3.11,2.07
2421002,150.0,229,20185,12288,4843,807,18655,10330,3996,641,4716,1834,645,94,8.11,25.74,5.58,3.26,2.16
2421002,160.0,238,20364,12936,5347,1001,18663,10750,4369,786,4698,1907,698,113,8.39,26.44,5.78,3.37,2.24
2421002,170.0,246,20437,13422,5767,1187,18590,11045,4676,925,4665,1962,740,130,8.59,26.93,5.94,3.46,2.29
2421002,180.0,252,20497,13829,6119,1342,18529,11292,4932,1041,4637,2007,776,145,8.77,27.35,6.07,3.53,2.34
2421002,190.0,258,20548,14168,6412,1472,18478,11498,5147,1138,4614,2046,806,157,8.91,27.69,6.18,3.6,2.38
2421002,200.0,262,20569,14446,6655,1582,18420,11661,5322,1220,4592,2076,831,167,9.03,27.96,6.26,3.64,2.41
2421002,210.0,266,20390,14624,6830,1693,18220,11711,5434,1302,4542,2092,847,178,9.06,28.0,6.29,3.66,2.42
2421002,220.0,269,20241,14772,6977,1785,18053,11753,5528,1370,4501,2105,861,187,9.1,28.03,6.32,3.68,2.43
2421002,230.0,272,20116,14895,7099,1862,17914,11787,5606,1427,4466,2115,872,194,9.12,28.05,6.34,3.69,2.44
2421002,240.0,274,20012,14999,7201,1926,17798,11817,5671,1474,4437,2124,881,200,9.15,28.07,6.36,3.7,2.45
2421002,250.0,276,19925,15085,7286,1980,17702,11841,5726,1514,4413,2132,889,205,9.16,28.09,6.38,3.71,2.45
2421002,260.0,277,19853,15156,7357,2024,17621,11861,5771,1547,4393,2138,896,210,9.18,28.1,6.39,3.72,2.46
2421002,270.0,278,19792,15216,7417,2062,17554,11878,5809,1575,4377,2143,901,213,9.19,28.11,6.4,3.72,2.46
2421002,280.0,279,19742,15266,7466,2093,17497,11892,5841,1598,4363,2147,906,216,9.2,28.12,6.41,3.73,2.46
2421002,290.0,280,19700,15308,7507,2119,17451,11904,5867,1617,4351,2151,910,218,9.21,28.13,6.42,3.73,2.47
2421002,300.0,280,19700,15308,7507,2119,17451,11904,5867,1617,4351,2151,910,218,9.21,28.13,6.42,3.73,2.47
2421002,310.0,280,19700,15308,7507,2119,17451,11904,5867,1617,4351,2151,910,218,9.21,28.13,6.42,3.73,2.47
2421002,320.0,280,19700,15308,7507,2119,17451,11904,5867,1617,4351,2151,910,218,9.21,28.13,6.42,3.73,2.47
2421002,330.0,280,19700,15308,7507,2119,17451,11904,5867,1617,4351,2151,910,218,9.21,28.13,6.42,3.73,2.47
2421002,340.0,280,19700,15308,7507,2119,17451,11904,5867,1617,4351,2151,910,218,9.21,28.13,6.42,3.73,2.47
2421002,350.0,280,19700,15308,7507,2119,17451,11904,5867,1617,4351,2151,910,218,9.21,28.13,6.42,3.73,2.47
2421007,0.0,0,0,0,0,0,0,0,0,0,0,0,0,0,0.0,0.0,0.0,0.0,0.0
2421007,10.0,0,0,0,0,0,0,0,0,0,0,0,0,0,0.0,0.0,0.0,0.0,0.0
2421007,20.0,0,0,0,0,0,0,0,0,0,0,0,0,0,0.0,0.0,0.0,0.0,0.0
2421007,30.0,3,0,0,0,0,0,0,0,0,0,0,0,0,0.0,0.0,0.0,0.0,0.0
2421007,40.0,14,98,0,0,0,99,0,0,0,31,0,0,0,0.03,0.16,0.02,0.01,0.01
2421007,50.0,37,1633,0,0,0,1634,0,0,0,502,0,0,0,0.44,2.07,0.31,0.16,0.16
2421007,60.0,68,5707,214,5,0,5698,206,5,0,1639,41,1,0,1.44,6.24,1.05,0.56,0.47
2421007,70.0,103,10309,1452,118,12,10199,1316,104,8,2619,247,18,1,2.71,11.14,1.99,1.08,0.83
2421007,80.0,140,14353,3381,698,84,13942,2764,544,59,3344,479,83,7,4.04,15.95,3.0,1.65,1.22
2421007,90.0,177,17354,5829,1836,336,16481,4241,1334,240,3907,731,193,31,5.32,20.26,4.01,2.21,1.6
2421007,100.0,211,19416,8456,3270,881,17932,5616,2293,609,4172,968,331,82,6.51,23.99,4.94,2.73,1.96
2421007,110.0,243,21281,10589,4648,1722,19001,6655,3174,1132,4416,1149,465,158,7.58,27.16,5.79,3.22,2.28
2421007,120.0,272,22420,12766,5883,2976,19352,7826,3927,1816,4527,1362,577,268,8.53,29.75,6.58,3.66,2.57
2421007,130.0,298,23021,14847,7013,4282,19444,8892,4533,2580,4539,1558,676,385,9.36,31.9,7.26,4.05,2.83
2421007,140.0,321,23306,16773,8035,5545,19402,9843,5031,3350,4497,1734,764,499,10.07,33.71,7.84,4.39,3.07
2421007,150.0,343,23476,17845,9407,6927,19261,10227,5683,4110,4445,1817,885,621,10.68,35.19,8.33,4.68,3.26
2421007,160.0,362,23610,18760,10637,8160,19120,10544,6267,4785,4396,1887,994,730,11.22,36.47,8.76,4.93,3.42
2421007,170.0,379,23472,19878,11493,9393,18783,10967,6643,5450,4317,1992,1072,839,11.67,37.46,9.14,5.15,3.57
2421007,180.0,395,23277,20942,12195,10523,18422,11374,6942,6057,4235,2096,1136,939,12.07,38.3,9.48,5.34,3.71
2421007,190.0,409,23093,21881,12828,11540,18090,11730,7207,6599,4162,2188,1195,1029,12.42,39.04,9.77,5.51,3.83
2421007,200.0,422,23114,22355,13653,12442,17913,11858,7540,7007,4145,2222,1268,1108,12.75,39.69,10.05,5.67,3.94
2421007,210.0,433,23129,22769,14401,13255,17749,11967,7840,7373,4129,2252,1335,1179,13.04,40.27,10.31,5.82,4.04
2421007,220.0,444,23135,23114,15075,13977,17595,12050,8110,7694,4114,2276,1395,1243,13.29,40.76,10.53,5.94,4.12
2421007,230.0,454,23133,23394,15686,14666,17450,12100,8349,8006,4098,2298,1452,1303,13.51,41.18,10.72,6.06,4.2
2421007,240.0,463,23111,23556,16231,15371,17306,12076,8548,8340,4078,2318,1509,1362,13.7,41.46,10.89,6.15,4.27
2421007,250.0,471,23090,23705,16733,16020,17172,12055,8731,8647,4060,2337,1562,1417,13.88,41.72,11.04,6.25,4.33
2421007,260.0,478,22903,23916,16959,16743,16926,12091,8838,8974,4022,2363,1586,1482,14.01,41.91,11.15,6.31,4.38
2421007,270.0,485,22677,24134,17091,17450,16658,12143,8917,9291,3980,2390,1601,1546,14.12,42.08,11.24,6.37,4.41
2421007,280.0,492,22468,24337,17215,18106,16410,12191,8991,9584,3941,2415,1615,1605,14.22,42.24,11.32,6.42,4.45
2421007,290.0,498,22272,24469,17437,18611,16186,12235,9062,9813,3910,2432,1635,1650,14.31,42.35,11.39,6.46,4.48
2421007,300.0,498,22272,24469,17437,18611,16186,12235,9062,9813,3910,2432,1635,1650,14.31,42.35,11.39,6.46,4.48
2421007,310.0,498,22272,24469,17437,18611,16186,12235,9062,9813,3910,2432,1635,1650,14.31,42.35,11.39,6.46,4.48
2421007,320.0,498,22272,24469,17437,18611,16186,12235,9062,9813,3910,2432,1635,1650,14.31,42.35,11.39,6.46,4.48
2421007,330.0,498,22272,24469,17437,18611,16186,12235,9062,9813,3910,2432,1635,1650,14.31,42.35,11.39,6.46,4.48
2421007,340.0,498,22272,24469,17437,18611,16186,12235,9062,9813,3910,2432,1635,1650,14.31,42.35,11.39,6.46,4.48
2421007,350.0,498,22272,24469,17437,18611,16186,12235,9062,9813,3910,2432,1635,1650,14.31,42.35,11.39,6.46,4.48
2422000,0.0,0,0,0,0,0,0,0,0,0,0,0,0,0,0.0,0.0,0.0,0.0,0.0
2422000,10.0,0,0,0,0,0,0,0,0,0,0,0,0,0,0.0,0.0,0.0,0.0,0.0
2422000,20.0,0,0,0,0,0,0,0,0,0,0,0,0,0,0.0,0.0,0.0,0.0,0.0
2422000,30.0,3,0,0,0,0,0,0,0,0,0,0,0,0,0.0,0.0,0.0,0.0,0.0
2422000,40.0,13,94,0,0,0,94,0,0,0,29,0,0,0,0.03,0.15,0.02,0.01,0.01
2422000,50.0,35,1554,0,0,0,1555,0,0,0,478,0,0,0,0.42,1.97,0.29,0.15,0.15
2422000,60.0,64,5431,204,4,0,5422,196,4,0,1559,39,1,0,1.37,5.94,1.0,0.53,0.45
2422000,70.0,98,9810,1382,113,12,9705,1252,99,8,2493,235,17,1,2.58,10.6,1.9,1.03,0.79
2422000,80.0,133,13658,3218,665,80,13267,2630,518,56,3182,456,79,7,3.84,15.18,2.86,1.57,1.16
2422000,90.0,168,16514,5547,1748,320,15683,4036,1270,228,3718,696,183,29,5.06,19.28,3.81,2.1,1.53
2422000,100.0,201,18476,8047,3111,838,17065,5344,2182,579,3970,922,315,78,6.2,22.83,4.7,2.6,1.86
2422000,110.0,231,20251,10077,4423,1639,18082,6333,3021,1077,4202,1093,443,150,7.21,25.85,5.51,3.07,2.17
2422000,120.0,259,21335,12149,5598,2832,18416,7447,3737,1728,4308,1296,549,255,8.12,28.31,6.26,3.49,2.45
2422000,130.0,283,21907,14129,6673,4075,18503,8462,4313,2455,4320,1482,643,366,8.9,30.35,6.9,3.85,2.7
2422000,140.0,306,22178,15961,7646,5276,18463,9366,4787,3188,4280,1650,727,475,9.58,32.08,7.46,4.18,2.92
2422000,150.0,326,22340,16981,8952,6592,18329,9733,5408,3911,4230,1729,842,591,10.16,33.48,7.93,4.45,3.1
2422000,160.0,344,22468,17852,10123,7765,18195,10034,5964,4553,4183,1795,946,694,10.67,34.7,8.34,4.69,3.26
2422000,170.0,361,22337,18916,10937,8938,17874,10436,6322,5186,4108,1896,1020,798,11.11,35.65,8.7,4.9,3.4
2422000,180.0,375,22150,19929,11605,10014,17531,10824,6606,5764,4030,1995,1081,893,11.48,36.45,9.02,5.08,3.53
2422000,190.0,389,21975,20822,12207,10982,17214,11163,6858,6280,3960,2082,1137,979,11.82,37.15,9.3,5.25,3.64
2422000,200.0,401,21995,21273,12993,11840,17046,11284,7175,6668,3944,2115,1207,1054,12.13,37.77,9.57,5.4,3.75
2422000,210.0,412,22010,21667,13704,12613,16890,11388,7461,7016,3929,2143,1270,1122,12.41,38.32,9.81,5.53,3.84
2422000,220.0,422,22016,21996,14345,13301,16744,11467,7717,7322,3915,2166,1327,1182,12.65,38.79,10.02,5.65,3.92
2422000,230.0,432,22014,22262,14927,13956,16606,11514,7945,7618,3900,2187,1381,1239,12.86,39.19,10.2,5.76,4.0
2422000,240.0,440,21992,22416,15446,14627,16468,11492,8134,7936,3881,2206,1436,1296,13.04,39.45,10.36,5.86,4.06
2422000,250.0,448,21972,22558,15923,15245,16341,11472,8308,8229,3864,2224,1486,1349,13.2,39.7,10.51,5.94,4.12
2422000,260.0,455,21795,22759,16138,15932,16107,11506,8410,8540,3827,2249,1509,1410,13.33,39.88,10.61,6.01,4.16
2422000,270.0,462,21580,22967,16264,16606,15852,11556,8486,8841,3787,2274,1524,1471,13.44,40.04,10.7,6.06,4.2
2422000,280.0,468,21381,23159,16382,17230,15616,11601,8556,9120,3750,2298,1537,1527,13.53,40.19,10.77,6.11,4.24
2422000,290.0,474,21194,23285,16593,17711,15403,11643,8624,9338,3721,2314,1556,1571,13.62,40.3,10.84,6.15,4.27
2422000,300.0,474,21194,23285,16593,17711,15403,11643,8624,9338,3721,2314,1556,1571,13.62,40.3,10.84,6.15,4.27
2422000,310.0,474,21194,23285,16593,17711,15403,11643,8624,9338,3721,2314,1556,1571,13.62,40.3,10.84,6.15,4.27
2422000,320.0,474,21194,23285,16593,17711,15403,11643,8624,9338,3721,2314,1556,1571,13.62,40.3,10.84,6.15,4.27
2422000,330.0,474,21194,23285,16593,17711,15403,11643,8624,9338,3721,2314,1556,1571,13.62,40.3,10.84,6.15,4.27
2422000,340.0,474,21194,23285,16593,17711,15403,11643,8624,9338,3721,2314,1556,1571,13.62,40.3,10.84,6.15,4.27
2422000,350.0,474,21194,23285,16593,17711,15403,11643,8624,9338,3721,2314,1556,1571,13.62,40.3,10.84,6.15,4.27
2422002,0.0,0,0,0,0,0,0,0,0,0,0,0,0,0,0.0,0.0,0.0,0.0,0.0
2422002,10.0,0,0,0,0,0,0,0,0,0,0,0,0,0,0.0,0.0,0.0,0.0,0.0
2422002,20.0,7,6,0,0,0,7,0,0,0,2,0,0,0,0.0,0.01,0.0,0.0,0.0
2422002,30.0,17,21,0,0,0,21,0,0,0,7,0,0,0,0.01,0.03,0.0,0.0,0.0
2422002,40.0,42,2370,3,0,0,2370,3,0,0,731,1,0,0,0.58,2.05,0.37,0.23,0.19
2422002,50.0,81,8679,379,0,0,8677,379,0,0,2627,79,0,0,2.15,7.59,1.38,0.86,0.6
2422002,60.0,125,14336,2881,141,0,14289,2861,141,0,4146,594,29,0,4.07,14.34,2.65,1.59,1.11
2422002,70.0,168,18706,6261,1047,40,18387,5951,994,40,5007,1171,195,8,5.9,20.12,3.93,2.33,1.58
2422002,80.0,209,21535,9794,2787,243,20679,8779,2454,209,5385,1624,434,36,7.54,24.81,5.1,3.01,2.01
2422002,90.0,245,23184,13080,4704,597,21719,11223,3956,488,5530,1998,652,76,8.92,28.67,6.11,3.58,2.38
2422002,100.0,276,24114,15587,6577,1297,22014,12887,5352,1014,5532,2288,851,144,10.04,31.55,6.93,4.04,2.68
2422002,110.0,303,24609,17614,8216,2029,21994,14116,6540,1560,5483,2521,1020,213,10.93,33.76,7.59,4.41,2.92
2422002,120.0,324,24376,19415,9654,2816,21531,14966,7508,2145,5369,2714,1162,289,11.58,35.24,8.07,4.7,3.1
2422002,130.0,343,24104,20862,10825,3475,21091,15622,8287,2635,5262,2867,1277,353,12.1,36.38,8.46,4.92,3.25
2422002,140.0,358,23862,22048,11789,4022,20715,16153,8927,3041,5171,2992,1371,405,12.52,37.3,8.77,5.1,3.37
2422002,150.0,370,23636,22406,12588,4691,20370,16172,9401,3523,5038,3023,1434,468,12.77,37.74,8.97,5.21,3.44
2422002,160.0,379,23447,22674,13248,5252,20084,16170,9790,3927,4927,3044,1485,521,12.98,38.08,9.13,5.3,3.51
2422002,170.0,387,23283,22885,13784,5711,19841,16161,10106,4258,4833,3061,1526,564,13.14,38.35,9.26,5.37,3.56
2422002,180.0,394,23032,22930,14131,6041,19546,16070,10300,4495,4734,3058,1550,595,13.2,38.36,9.32,5.4,3.58
2422002,190.0,400,22825,22967,14418,6313,19303,15995,10459,4690,4652,3056,1570,621,13.25,38.37,9.36,5.43,3.59
2422002,200.0,404,22654,22998,14653,6538,19103,15933,10591,4850,4585,3054,1586,642,13.28,38.38,9.4,5.45,3.61
2422002,210.0,408,22513,23023,14848,6722,18938,15881,10699,4983,4530,3052,1600,659,13.32,38.38,9.43,5.46,3.62
2422002,220.0,411,22397,23044,15008,6875,18802,15839,10788,5092,4484,3051,1611,674,13.34,38.38,9.45,5.48,3.63
2422002,230.0,414,22302,23061,15139,7000,18690,15805,10862,5182,4447,3049,1620,685,13.37,38.39,9.47,5.49,3.64
2422002,240.0,416,22223,23075,15248,7103,18598,15776,10922,5256,4416,3048,1628,695,13.38,38.39,9.49,5.5,3.64
2422002,250.0,417,22136,23074,15322,7203,18508,15744,10964,5320,4391,3045,1634,704,13.39,38.38,9.5,5.5,3.65
2422002,260.0,418,22062,23072,15383,7286,18433,15717,10998,5372,4371,3042,1639,711,13.4,38.36,9.5,5.5,3.65
2422002,270.0,420,22002,23071,15433,7355,18371,15695,11026,5416,4354,3039,1643,717,13.4,38.35,9.51,5.51,3.65
2422002,280.0,420,21953,23070,15474,7411,18320,15677,11049,5451,4340,3037,1646,722,13.41,38.34,9.51,5.51,3.66
2422002,290.0,421,21912,23069,15507,7457,18278,15662,11068,5481,4329,3035,1649,726,13.41,38.33,9.51,5.51,3.66
2422002,300.0,421,21912,23069,15507,7457,18278,15662,11068,5481,4329,3035,1649,726,13.41,38.33,9.51,5.51,3.66
2422002,310.0,421,21912,23069,15507,7457,18278,15662,11068,5481,4329,3035,1649,726,13.41,38.33,9.51,5.51,3.66
2422002,320.0,421,21912,23069,15507,7457,18278,15662,11068,5481,4329,3035,1649,726,13.41,38.33,9.51,5.51,3.66
2422002,330.0,421,21912,23069,15507,7457,18278,15662,11068,5481,4329,3035,1649,726,13.41,38.33,9.51,5.51,3.66
2422002,340.0,421,21912,23069,15507,7457,18278,15662,11068,5481,4329,3035,1649,726,13.41,38.33,9.51,5.51,3.66
2422002,350.0,421,21912,23069,15507,7457,18278,15662,11068,5481,4329,3035,1649,726,13.41,38.33,9.51,5.51,3.66
2422003,0.0,0,0,0,0,0,0,0,0,0,0,0,0,0,0.0,0.0,0.0,0.0,0.0
2422003,10.0,0,0,0,0,0,0,0,0,0,0,0,0,0,0.0,0.0,0.0,0.0,0.0
2422003,20.0,0,0,0,0,0,0,0,0,0,0,0,0,0,0.0,0.0,0.0,0.0,0.0
2422003,30.0,3,0,0,0,0,0,0,0,0,0,0,0,0,0.0,0.0,0.0,0.0,0.0
2422003,40.0,11,0,0,0,0,0,0,0,0,0,0,0,0,0.0,0.0,0.0,0.0,0.0
2422003,50.0,32,463,0,0,0,463,0,0,0,141,0,0,0,0.13,0.63,0.09,0.05,0.05
2422003,60.0,62,2950,8,0,0,2952,8,0,0,860,2,0,0,0.77,3.45,0.54,0.28,0.27
2422003,70.0,97,7292,427,12,0,7250,383,11,0,1810,70,2,0,1.84,7.81,1.33,0.72,0.6
2422003,80.0,135,12029,1581,126,0,11838,1289,108,0,2667,216,19,0,3.12,12.76,2.27,1.26,0.99
2422003,90.0,174,16373,3454,594,29,15834,2442,441,18,3505,404,62,3,4.47,17.7,3.27,1.84,1.38
2422003,100.0,211,19974,5476,1471,222,18500,3550,1023,149,4070,601,140,19,5.75,22.1,4.24,2.39,1.73
2422003,110.0,246,22710,7629,2631,621,19874,4719,1771,401,4330,810,249,54,6.91,25.82,5.16,2.91,2.07
2422003,120.0,279,24201,10373,3944,1168,20291,6189,2588,701,4467,1076,368,102,7.96,28.99,5.98,3.39,2.39
2422003,130.0,309,25439,12556,5181,2004,20967,7248,3296,1165,4630,1288,484,175,8.89,31.64,6.7,3.81,2.66
2422003,140.0,336,26494,14382,6313,2879,21591,8108,3890,1653,4756,1464,590,252,9.69,33.88,7.34,4.19,2.9
2422003,150.0,361,27262,15913,7410,3855,21875,8850,4318,2196,4747,1607,691,337,10.38,35.62,7.93,4.51,3.11
2422003,160.0,383,27750,17312,8441,4822,21948,9538,4707,2725,4715,1735,784,421,10.98,37.08,8.45,4.8,3.3
2422003,170.0,403,27612,18771,9488,5885,21580,10275,5168,3280,4693,1865,872,513,11.5,38.28,8.88,5.05,3.47
2422003,180.0,422,27445,20075,10424,6841,21217,10933,5582,3778,4671,1980,949,596,11.96,39.33,9.25,5.27,3.63
2422003,190.0,438,27422,20853,11408,7870,20986,11210,6048,4283,4645,2048,1037,685,12.38,40.26,9.59,5.47,3.76
2422003,200.0,453,27451,21383,12357,8873,20816,11322,6508,4763,4617,2093,1123,772,12.75,41.08,9.9,5.65,3.87
2422003,210.0,467,27472,21804,13218,9788,20658,11383,6928,5198,4588,2129,1202,851,13.07,41.8,10.16,5.8,3.97
2422003,220.0,480,27307,22347,13907,10677,20382,11523,7242,5616,4543,2178,1264,929,13.35,42.35,10.39,5.94,4.06
2422003,230.0,491,26933,23036,14416,11555,19969,11753,7442,6022,4480,2244,1307,1005,13.58,42.73,10.59,6.06,4.15
2422003,240.0,502,26572,23661,14869,12354,19578,11963,7618,6391,4420,2304,1346,1074,13.79,43.05,10.76,6.16,4.22
2422003,250.0,512,26212,24224,15264,13075,19199,12150,7768,6723,4361,2359,1380,1137,13.96,43.31,10.91,6.25,4.29
2422003,260.0,521,25880,24745,15630,13742,18849,12324,7907,7030,4306,2409,1411,1195,14.13,43.54,11.04,6.34,4.35
2422003,270.0,529,25775,24946,16057,14241,18654,12338,8150,7229,4285,2424,1452,1238,14.27,43.78,11.17,6.41,4.4
2422003,280.0,537,25696,25106,16463,14693,18486,12338,8387,7406,4268,2434,1491,1278,14.4,44.0,11.28,6.47,4.44
2422003,290.0,544,25623,25255,16840,15114,18329,12338,8607,7571,4253,2445,1527,1314,14.52,44.2,11.38,6.53,4.48
2422003,300.0,544,25623,25255,16840,15114,18329,12338,8607,7571,4253,2445,1527,1314,14.52,44.2,11.38,6.53,4.48
2422003,310.0,544,25623,25255,16840,15114,18329,12338,8607,7571,4253,2445,1527,1314,14.52,44.2,11.38,6.53,4.48
2422003,320.0,544,25623,25255,16840,15114,18329,12338,8607,7571,4253,2445,1527,1314,14.52,44.2,11.38,6.53,4.48
2422003,330.0,544,25623,25255,16840,15114,18329,12338,8607,7571,4253,2445,1527,1314,14.52,44.2,11.38,6.53,4.48
2422003,340.0,544,25623,25255,16840,15114,18329,12338,8607,7571,4253,2445,1527,1314,14.52,44.2,11.38,6.53,4.48
2422003,350.0,544,25623,25255,16840,15114,18329,12338,8607,7571,4253,2445,1527,1314,14.52,44.2,11.38,6.53,4.48
2422004,0.0,0,0,0,0,0,0,0,0,0,0,0,0,0,0.0,0.0,0.0,0.0,0.0
2422004,10.0,0,0,0,0,0,0,0,0,0,0,0,0,0,0.0,0.0,0.0,0.0,0.0
2422004,20.0,0,0,0,0,0,0,0,0,0,0,0,0,0,0.0,0.0,0.0,0.0,0.0
2422004,30.0,0,0,0,0,0,0,0,0,0,0,0,0,0,0.0,0.0,0.0,0.0,0.0
2422004,40.0,2,0,0,0,0,0,0,0,0,0,0,0,0,0.0,0.0,0.0,0.0,0.0
2422004,50.0,8,6,0,0,0,6,0,0,0,2,0,0,0,0.0,0.01,0.0,0.0,0.0
2422004,60.0,20,353,0,0,0,353,0,0,0,109,0,0,0,0.11,0.51,0.07,0.03,0.04
2422004,70.0,37,2094,9,0,0,2095,9,0,0,639,2,0,0,0.56,2.55,0.39,0.2,0.19
2422004,80.0,58,4952,199,7,0,4946,193,7,0,1440,39,1,0,1.26,5.45,0.92,0.48,0.4
2422004,90.0,82,8056,1017,71,3,8000,957,67,2,2158,189,13,0,2.11,8.76,1.56,0.84,0.65
2422004,100.0,108,10859,2354,348,31,10661,2061,301,20,2627,371,52,3,3.02,12.13,2.24,1.22,0.91
2422004,110.0,134,13448,3877,966,144,12964,3140,753,107,3152,553,117,14,3.95,15.36,2.97,1.62,1.19
2422004,120.0,161,15175,5872,1999,437,14355,4300,1464,315,3422,756,217,41,4.87,18.35,3.7,2.03,1.47
2422004,130.0,187,16653,7756,3107,925,15388,5284,2200,643,3616,928,323,86,5.75,21.06,4.39,2.42,1.73
2422004,140.0,212,18006,9403,4182,1632,16184,6078,2887,1090,3785,1068,423,151,6.57,23.49,5.04,2.79,1.98
2422004,150.0,235,18826,11126,5248,2649,16429,6991,3544,1659,3863,1231,520,240,7.33,25.52,5.67,3.14,2.22
2422004,160.0,257,19356,12747,6265,3717,16531,7816,4115,2279,3887,1380,610,336,8.01,27.3,6.24,3.46,2.43
2422004,170.0,277,19648,14255,7230,4807,16537,8544,4603,2935,3866,1514,693,434,8.62,28.85,6.74,3.75,2.63
2422004,180.0,296,19794,15320,8316,6038,16440,8970,5140,3634,3824,1600,788,544,9.17,30.17,7.18,4.01,2.81
2422004,190.0,313,19884,16169,9372,7236,16314,9270,5660,4301,3778,1665,882,650,9.65,31.32,7.57,4.23,2.96
2422004,200.0,329,19859,17077,10213,8383,16089,9603,6049,4930,3721,1745,958,751,10.08,32.29,7.93,4.44,3.1
2422004,210.0,344,19755,18003,10884,9465,15802,9953,6339,5517,3657,1833,1019,847,10.46,33.1,8.25,4.63,3.23
2422004,220.0,357,19641,18850,11476,10447,15524,10272,6591,6049,3596,1913,1072,934,10.8,33.82,8.54,4.79,3.34
2422004,230.0,369,19653,19337,12203,11341,15365,10410,6883,6476,3577,1951,1138,1013,11.11,34.44,8.8,4.95,3.45
2422004,240.0,381,19670,19745,12881,12149,15226,10518,7153,6855,3562,1981,1199,1084,11.39,34.99,9.04,5.08,3.54
2422004,250.0,391,19678,20088,13491,12870,15096,10601,7394,7191,3548,2006,1253,1148,11.63,35.46,9.25,5.2,3.62
2422004,260.0,400,19657,20348,14033,13593,14954,10639,7604,7535,3532,2027,1305,1211,11.85,35.85,9.44,5.31,3.7
2422004,270.0,409,19597,20512,14507,14340,14795,10618,7781,7901,3512,2045,1355,1276,12.03,36.16,9.6,5.41,3.76
2422004,280.0,417,19524,20670,14914,15030,14635,10610,7935,8235,3491,2062,1397,1335,12.19,36.43,9.74,5.49,3.82
2422004,290.0,423,19326,20880,15097,15714,14385,10671,8026,8539,3456,2089,1417,1397,12.31,36.61,9.83,5.55,3.86
2422004,300.0,423,19326,20880,15097,15714,14385,10671,8026,8539,3456,2089,1417,1397,12.31,36.61,9.83,5.55,3.86
2422004,310.0,423,19326,20880,15097,15714,14385,10671,8026,8539,3456,2089,1417,1397,12.31,36.61,9.83,5.55,3.86
2422004,320.0,423,19326,20880,15097,15714,14385,10671,8026,8539,3456,2089,1417,1397,12.31,36.61,9.83,5.55,3.86
2422004,330.0,423,19326,20880,15097,15714,14385,10671,8026,8539,3456,2089,1417,1397,12.31,36.61,9.83,5.55,3.86
2422004,340.0,423,19326,20880,15097,15714,14385,10671,8026,8539,3456,2089,1417,1397,12.31,36.61,9.83,5.55,3.86
2422004,350.0,423,19326,20880,15097,15714,14385,10671,8026,8539,3456,2089,1417,1397,12.31,36.61,9.83,5.55,3.86
2422007,0.0,0,0,0,0,0,0,0,0,0,0,0,0,0,0.0,0.0,0.0,0.0,0.0
2422007,10.0,0,0,0,0,0,0,0,0,0,0,0,0,0,0.0,0.0,0.0,0.0,0.0
2422007,20.0,1,0,0,0,0,0,0,0,0,0,0,0,0,0.0,0.0,0.0,0.0,0.0
2422007,30.0,8,0,0,0,0,0,0,0,0,0,0,0,0,0.0,0.0,0.0,0.0,0.0
2422007,40.0,34,1288,0,0,0,1288,0,0,0,396,0,0,0,0.36,1.66,0.25,0.12,0.13
2422007,50.0,76,6591,334,8,0,6574,320,8,0,1865,64,2,0,1.67,7.17,1.22,0.65,0.54
2422007,60.0,124,12687,2260,265,32,12490,1981,227,21,3064,354,38,3,3.42,13.86,2.52,1.38,1.04
2422007,70.0,175,17752,5171,1439,210,17006,3950,1068,151,4070,681,157,19,5.23,20.18,3.92,2.16,1.58
2422007,80.0,223,20756,8956,3430,905,19206,5972,2410,627,4470,1030,347,84,6.93,25.59,5.25,2.91,2.09
2422007,90.0,267,23265,12033,5365,2210,20582,7504,3638,1414,4791,1298,534,201,8.44,30.02,6.46,3.6,2.54
2422007,100.0,306,24648,15105,7076,4031,20975,9135,4641,2431,4907,1596,687,362,9.75,33.52,7.54,4.2,2.94
2422007,110.0,341,25182,18006,8619,5910,20982,10579,5406,3570,4866,1863,820,532,10.84,36.33,8.44,4.72,3.3
2422007,120.0,371,25484,19647,10611,7924,20823,11190,6356,4682,4800,1992,996,710,11.76,38.56,9.17,5.15,3.59
2422007,130.0,398,25552,21205,12220,9793,20521,11764,7102,5699,4716,2127,1140,875,12.53,40.37,9.81,5.52,3.83
2422007,140.0,422,25316,22908,13346,11572,20015,12424,7587,6657,4601,2293,1244,1032,13.18,41.78,10.35,5.83,4.05
2422007,150.0,443,25216,24164,14493,13134,19637,12879,8065,7446,4532,2408,1348,1170,13.75,42.99,10.84,6.11,4.25
2422007,160.0,461,25310,24915,15756,14501,19424,13095,8578,8066,4518,2465,1460,1290,14.26,44.06,11.28,6.36,4.42
2422007,170.0,478,25392,25536,16877,15696,19233,13265,9033,8602,4507,2509,1560,1395,14.71,44.98,11.66,6.58,4.57
2422007,180.0,493,25445,25935,17871,16924,19053,13296,9411,9182,4490,2552,1661,1500,15.09,45.65,11.99,6.78,4.7
2422007,190.0,506,25419,26302,18662,18118,18838,13329,9720,9745,4465,2596,1744,1603,15.41,46.21,12.27,6.94,4.81
2422007,200.0,517,25112,26787,18967,19443,18432,13470,9897,10343,4406,2653,1777,1722,15.67,46.68,12.47,7.07,4.9
2422007,210.0,528,24839,27202,19320,20587,18073,13602,10063,10863,4359,2703,1812,1826,15.9,47.1,12.66,7.18,4.98
2422007,220.0,538,24610,27486,19914,21424,17777,13738,10235,11254,4334,2736,1863,1901,16.11,47.48,12.84,7.29,5.06
2422007,230.0,547,24402,27744,20456,22186,17507,13861,10392,11610,4311,2766,1910,1969,16.31,47.82,13.0,7.38,5.13
2422007,240.0,555,24345,27869,20694,22946,17350,13843,10373,11995,4309,2780,1925,2042,16.45,48.01,13.13,7.46,5.18
2422007,250.0,562,24335,27949,20830,23661,17234,13785,10305,12368,4312,2789,1931,2111,16.57,48.13,13.24,7.53,5.23
2422007,260.0,569,24326,28022,20955,24318,17128,13731,10242,12710,4315,2797,1936,2175,16.68,48.25,13.34,7.59,5.27
2422007,270.0,575,24214,28039,21091,24872,16979,13659,10270,12967,4316,2793,1949,2225,16.75,48.3,13.41,7.63,5.3
2422007,280.0,581,24041,28023,21230,25348,16806,13577,10353,13164,4315,2783,1966,2264,16.8,48.31,13.45,7.66,5.32
2422007,290.0,586,23880,28008,21359,25789,16647,13500,10430,13347,4315,2773,1981,2300,16.85,48.32,13.48,7.69,5.33
2422007,300.0,586,23880,28008,21359,25789,16647,13500,10430,13347,4315,2773,1981,2300,16.85,48.32,13.48,7.69,5.33
2422007,310.0,586,23880,28008,21359,25789,16647,13500,10430,13347,4315,2773,1981,2300,16.85,48.32,13.48,7.69,5.33
2422007,320.0,586,23880,28008,21359,25789,16647,13500,10430,13347,4315,2773,1981,2300,16.85,48.32,13.48,7.69,5.33
2422007,330.0,586,23880,28008,21359,25789,16647,13500,10430,13347,4315,2773,1981,2300,16.85,48.32,13.48,7.69,5.33
2422007,340.0,586,23880,28008,21359,25789,16647,13500,10430,13347,4315,2773,1981,2300,16.85,48.32,13.48,7.69,5.33
2422007,350.0,586,23880,28008,21359,25789,16647,13500,10430,13347,4315,2773,1981,2300,16.85,48.32,13.48,7.69,5.33
2423000,0.0,0,0,0,0,0,0,0,0,0,0,0,0,0,0.0,0.0,0.0,0.0,0.0
2423000,10.0,0,0,0,0,0,0,0,0,0,0,0,0,0,0.0,0.0,0.0,0.0,0.0
2423000,20.0,2,0,0,0,0,0,0,0,0,0,0,0,0,0.0,0.0,0.0,0.0,0.0
2423000,30.0,12,44,0,0,0,44,0,0,0,14,0,0,0,0.01,0.07,0.01,0.0,0.01
2423000,40.0,45,2373,5,0,0,2374,5,0,0,725,1,0,0,0.63,2.92,0.45,0.23,0.22
2423000,50.0,94,9028,851,23,0,8979,810,23,0,2433,162,5,0,2.32,9.69,1.7,0.91,0.73
2423000,60.0,149,15380,3540,702,84,14961,2912,550,59,3590,506,85,7,4.31,17.07,3.2,1.76,1.3
2423000,70.0,204,19748,7448,2539,525,18609,5222,1822,373,4369,901,261,48,6.28,23.62,4.74,2.61,1.89
2423000,80.0,255,22991,11051,4768,1589,20697,7003,3277,1074,4804,1207,480,147,8.06,29.08,6.13,3.42,2.42
2423000,90.0,300,24910,14561,6763,3580,21347,8888,4497,2164,5002,1549,661,322,9.61,33.31,7.42,4.13,2.9
2423000,100.0,341,25611,17932,8562,5746,21400,10575,5402,3469,4970,1860,816,517,10.9,36.64,8.47,4.74,3.32
2423000,110.0,376,25993,19994,10757,8016,21253,11399,6452,4740,4900,2029,1010,718,11.96,39.27,9.34,5.24,3.65
2423000,120.0,406,26071,21814,12588,10169,20907,12075,7300,5911,4805,2187,1174,908,12.86,41.36,10.06,5.67,3.93
2423000,130.0,433,25812,23766,13865,12196,20341,12834,7849,7002,4677,2378,1292,1087,13.6,42.98,10.69,6.03,4.19
2423000,140.0,456,25823,25004,15305,13957,20001,13256,8444,7854,4629,2485,1421,1243,14.26,44.38,11.25,6.35,4.41
2423000,150.0,477,25950,25835,16727,15483,19779,13494,9024,8543,4619,2547,1548,1377,14.84,45.59,11.75,6.63,4.6
2423000,160.0,495,26052,26451,17982,16923,19580,13620,9519,9209,4606,2600,1668,1501,15.33,46.56,12.18,6.88,4.77
2423000,170.0,511,26121,26882,19081,18339,19391,13642,9935,9884,4589,2651,1782,1622,15.76,47.3,12.55,7.1,4.92
2423000,180.0,525,25776,27505,19475,19975,18918,13830,10162,10625,4523,2725,1825,1769,16.09,47.92,12.81,7.26,5.03
2423000,190.0,538,25479,28016,19981,21336,18511,14008,10379,11247,4474,2784,1873,1892,16.39,48.49,13.05,7.4,5.14
2423000,200.0,550,25234,28389,20718,22364,18177,14187,10597,11729,4450,2827,1937,1985,16.66,49.0,13.28,7.54,5.24
2423000,210.0,560,25083,28676,21259,23330,17923,14286,10715,12197,4437,2860,1981,2074,16.89,49.4,13.48,7.66,5.32
2423000,220.0,569,25107,28820,21466,24289,17800,14231,10643,12696,4448,2876,1991,2166,17.07,49.64,13.64,7.75,5.39
2423000,230.0,578,25129,28951,21654,25161,17687,14182,10576,13151,4458,2890,2000,2251,17.23,49.85,13.79,7.84,5.45
2423000,240.0,585,25000,29010,21871,25895,17513,14107,10655,13483,4466,2887,2022,2315,17.35,49.99,13.89,7.9,5.49
2423000,250.0,592,24826,29042,22087,26544,17327,14029,10780,13757,4473,2879,2047,2369,17.45,50.09,13.96,7.96,5.52
2423000,260.0,599,24667,29071,22285,27139,17156,13957,10894,14009,4480,2871,2070,2418,17.54,50.19,14.03,8.0,5.55
2423000,270.0,605,24456,29062,22464,27637,16956,13877,10994,14215,4475,2864,2096,2461,17.59,50.2,14.08,8.03,5.57
2423000,280.0,610,24144,28989,22623,28005,16696,13781,11078,14358,4453,2857,2128,2495,17.6,50.06,14.09,8.04,5.58
2423000,290.0,615,23856,28922,22770,28345,16456,13692,11155,14490,4432,2850,2158,2527,17.6,49.94,14.1,8.05,5.59
2423000,300.0,615,23856,28922,22770,28345,16456,13692,11155,14490,4432,2850,2158,2527,17.6,49.94,14.1,8.05,5.59
2423000,310.0,615,23856,28922,22770,28345,16456,13692,11155,14490,4432,2850,2158,2527,17.6,49.94,14.1,8.05,5.59
2423000,320.0,615,23856,28922,22770,28345,16456,13692,11155,14490,4432,2850,2158,2527,17.6,49.94,14.1,8.05,5.59
2423000,330.0,615,23856,28922,22770,28345,16456,13692,11155,14490,4432,2850,2158,2527,17.6,49.94,14.1,8.05,5.59
2423000,340.0,615,23856,28922,22770,28345,16456,13692,11155,14490,4432,2850,2158,2527,17.6,49.94,14.1,8.05,5.59
2423000,350.0,615,23856,28922,22770,28345,16456,13692,11155,14490,4432,2850,2158,2527,17.6,49.94,14.1,8.05,5.59
2423001,0.0,0,0,0,0,0,0,0,0,0,0,0,0,0,0.0,0.0,0.0,0.0,0.0
2423001,10.0,0,0,0,0,0,0,0,0,0,0,0,0,0,0.0,0.0,0.0,0.0,0.0
2423001,20.0,0,0,0,0,0,0,0,0,0,0,0,0,0,0.0,0.0,0.0,0.0,0.0
2423001,30.0,1,0,0,0,0,0,0,0,0,0,0,0,0,0.0,0.0,0.0,0.0,0.0
2423001,40.0,3,0,0,0,0,0,0,0,0,0,0,0,0,0.0,0.0,0.0,0.0,0.0
2423001,50.0,9,17,0,0,0,17,0,0,0,5,0,0,0,0.01,0.03,0.0,0.0,0.0
2423001,60.0,23,473,0,0,0,474,0,0,0,146,0,0,0,0.14,0.67,0.09,0.05,0.05
2423001,70.0,42,2494,13,0,0,2494,13,0,0,759,3,0,0,0.66,3.01,0.47,0.24,0.23
2423001,80.0,66,5740,280,11,0,5730,271,11,0,1656,55,2,0,1.46,6.31,1.07,0.56,0.47
2423001,90.0,93,9192,1235,98,5,9120,1153,91,3,2441,225,17,0,2.43,10.01,1.79,0.96,0.75
2423001,100.0,122,12313,2765,446,45,12065,2397,379,31,2967,430,64,4,3.45,13.79,2.56,1.39,1.04
2423001,110.0,152,15197,4465,1140,173,14629,3598,885,129,3554,633,137,16,4.49,17.39,3.38,1.85,1.35
2423001,120.0,182,17020,6772,2355,526,16069,4914,1718,378,3821,864,254,49,5.52,20.71,4.19,2.3,1.66
2423001,130.0,211,18685,8843,3598,1109,17208,5980,2539,767,4039,1051,372,103,6.5,23.73,4.96,2.74,1.96
2423001,140.0,238,20118,10708,4811,1970,18006,6890,3308,1299,4214,1212,485,181,7.42,26.39,5.7,3.15,2.24
2423001,150.0,264,21023,12630,5998,3108,18268,7910,4040,1935,4300,1393,593,282,8.26,28.65,6.4,3.54,2.5
2423001,160.0,289,21557,14445,7142,4334,18358,8822,4666,2653,4314,1559,693,391,9.01,30.61,7.02,3.9,2.74
2423001,170.0,311,21866,16125,8218,5555,18358,9629,5206,3391,4287,1707,785,502,9.69,32.33,7.58,4.22,2.96
2423001,180.0,332,22002,17219,9486,6991,18227,10035,5832,4195,4236,1793,898,629,10.29,33.78,8.07,4.5,3.15
2423001,190.0,351,22103,18158,10663,8325,18086,10365,6411,4937,4184,1865,1002,747,10.83,35.06,8.5,4.76,3.32
2423001,200.0,369,22029,19236,11542,9627,17789,10768,6805,5647,4114,1963,1082,862,11.31,36.11,8.9,4.99,3.48
2423001,210.0,385,21908,20270,12280,10829,17464,11158,7123,6299,4042,2062,1149,969,11.73,37.0,9.25,5.19,3.62
2423001,220.0,400,21818,21136,12994,11924,17185,11473,7421,6876,3986,2142,1214,1066,12.11,37.79,9.58,5.38,3.75
2423001,230.0,414,21848,21653,13827,12921,17021,11613,7755,7346,3969,2181,1288,1154,12.46,38.49,9.88,5.55,3.87
2423001,240.0,427,21866,22094,14579,13814,16867,11726,8054,7764,3953,2213,1356,1232,12.76,39.09,10.14,5.7,3.97
2423001,250.0,438,21879,22480,15261,14619,16724,11821,8325,8139,3938,2240,1417,1304,13.04,39.63,10.38,5.84,4.07
2423001,260.0,448,21827,22713,15852,15506,16546,11820,8548,8570,3917,2263,1477,1380,13.27,40.03,10.58,5.96,4.15
2423001,270.0,458,21768,22902,16386,16344,16374,11801,8748,8981,3896,2283,1533,1453,13.48,40.38,10.76,6.06,4.22
2423001,280.0,466,21600,23134,16712,17159,16127,11845,8888,9357,3863,2312,1567,1525,13.65,40.65,10.9,6.15,4.28
2423001,290.0,474,21387,23377,16923,17930,15854,11919,8993,9700,3825,2343,1589,1594,13.78,40.87,11.01,6.22,4.33
2423001,300.0,474,21387,23377,16923,17930,15854,11919,8993,9700,3825,2343,1589,1594,13.78,40.87,11.01,6.22,4.33
2423001,310.0,474,21387,23377,16923,17930,15854,11919,8993,9700,3825,2343,1589,1594,13.78,40.87,11.01,6.22,4.33
2423001,320.0,474,21387,23377,16923,17930,15854,11919,8993,9700,3825,2343,1589,1594,13.78,40.87,11.01,6.22,4.33
2423001,330.0,474,21387,23377,16923,17930,15854,11919,8993,9700,3825,2343,1589,1594,13.78,40.87,11.01,6.22,4.33
2423001,340.0,474,21387,23377,16923,17930,15854,11919,8993,9700,3825,2343,1589,1594,13.78,40.87,11.01,6.22,4.33
2423001,350.0,474,21387,23377,16923,17930,15854,11919,8993,9700,3825,2343,1589,1594,13.78,40.87,11.01,6.22,4.33
2423002,0.0,0,0,0,0,0,0,0,0,0,0,0,0,0,0.0,0.0,0.0,0.0,0.0
2423002,10.0,0,0,0,0,0,0,0,0,0,0,0,0,0,0.0,0.0,0.0,0.0,0.0
2423002,20.0,15,17,0,0,0,17,0,0,0,5,0,0,0,0.0,0.03,0.0,0.0,0.0
2423002,30.0,42,1303,0,0,0,1303,0,0,0,403,0,0,0,0.33,1.23,0.21,0.13,0.13
2423002,40.0,108,11801,567,0,0,11798,567,0,0,3565,119,0,0,2.94,10.39,1.88,1.17,0.82
2423002,50.0,187,21295,5780,564,14,21119,5641,545,14,5965,1147,109,3,6.4,22.25,4.2,2.51,1.73
2423002,60.0,266,27773,12518,3522,302,26691,11241,3108,260,6958,2084,551,45,9.69,31.92,6.55,3.86,2.58
2423002,70.0,339,30902,19061,7623,1316,28490,15969,6271,1041,7192,2833,1008,151,12.51,39.62,8.61,5.03,3.33
2423002,80.0,402,31949,24165,11666,3165,28387,18975,9169,2421,7077,3415,1424,328,14.69,45.01,10.22,5.94,3.93
2423002,90.0,453,31420,28590,15184,5112,27327,21051,11526,3867,6821,3891,1772,516,16.31,48.71,11.42,6.64,4.38
2423002,100.0,494,30979,30362,18191,7481,26424,21479,13355,5580,6444,4064,2018,740,17.42,50.9,12.28,7.13,4.71
2423002,110.0,528,30596,31546,20615,9481,25666,21656,14807,7021,6115,4174,2210,929,18.27,52.53,12.95,7.5,4.97
2423002,120.0,553,29764,32205,22361,11375,24668,21571,15851,8262,5811,4203,2361,1100,18.81,53.39,13.36,7.74,5.14
2423002,130.0,573,28969,32648,23705,12954,23771,21436,16650,9275,5555,4212,2479,1241,19.2,53.96,13.65,7.91,5.27
2423002,140.0,590,28280,32950,24741,14225,23012,21289,17261,10083,5344,4210,2570,1354,19.48,54.33,13.87,8.04,5.37
2423002,150.0,603,27730,33113,25466,15252,22418,21115,17667,10723,5184,4199,2630,1445,19.67,54.54,14.02,8.13,5.43
2423002,160.0,613,27308,33043,25763,16070,21993,20840,17771,11200,5085,4166,2644,1517,19.74,54.49,14.07,8.16,5.46
2423002,170.0,621,26964,32986,26004,16735,21646,20616,17856,11589,5005,4140,2654,1576,19.79,54.44,14.12,8.19,5.48
2423002,180.0,627,26685,32940,26200,17276,21364,20434,17925,11904,4939,4118,2663,1624,19.84,54.41,14.15,8.22,5.49
2423002,190.0,633,26377,32791,26263,17640,21070,20222,17917,12110,4872,4087,2661,1656,19.8,54.19,14.13,8.21,5.49
2423002,200.0,637,26044,32557,26216,17858,20763,19984,17845,12224,4802,4048,2649,1674,19.71,53.83,14.07,8.17,5.46
2423002,210.0,640,25773,32367,26177,18035,20513,19790,17786,12317,4745,4016,2640,1689,19.63,53.54,14.01,8.14,5.44
2423002,220.0,643,25553,32212,26146,18180,20311,19633,17738,12393,4699,3991,2633,1702,19.56,53.3,13.97,8.12,5.43
2423002,230.0,646,25374,32087,26120,18297,20146,19505,17700,12454,4662,3970,2626,1712,19.51,53.1,13.94,8.1,5.42
2423002,240.0,648,25229,31984,26100,18392,20012,19401,17668,12504,4631,3953,2621,1720,19.47,52.94,13.91,8.08,5.41
2423002,250.0,649,25111,31902,26083,18469,19903,19316,17643,12545,4606,3939,2617,1726,19.43,52.82,13.88,8.07,5.4
2423002,260.0,650,25015,31834,26069,18532,19815,19248,17622,12578,4586,3928,2614,1732,19.4,52.71,13.86,8.06,5.39
2423002,270.0,651,24937,31779,26058,18583,19743,19192,17605,12605,4570,3919,2611,1736,19.38,52.63,13.85,8.05,5.38
2423002,280.0,652,24873,31735,26049,18624,19685,19147,17591,12626,4557,3912,2609,1740,19.36,52.56,13.84,8.04,5.38
2423002,290.0,653,24822,31699,26042,18658,19637,19110,17580,12644,4546,3906,2608,1742,19.35,52.5,13.83,8.04,5.38
2423002,300.0,653,24822,31699,26042,18658,19637,19110,17580,12644,4546,3906,2608,1742,19.35,52.5,13.83,8.04,5.38
2423002,310.0,653,24822,31699,26042,18658,19637,19110,17580,12644,4546,3906,2608,1742,19.35,52.5,13.83,8.04,5.38
2423002,320.0,653,24822,31699,26042,18658,19637,19110,17580,12644,4546,3906,2608,1742,19.35,52.5,13.83,8.04,5.38
2423002,330.0,653,24822,31699,26042,18658,19637,19110,17580,12644,4546,3906,2608,1742,19.35,52.5,13.83,8.04,5.38
2423002,340.0,653,24822,31699,26042,18658,19637,19110,17580,12644,4546,3906,2608,1742,19.35,52.5,13.83,8.04,5.38
2423002,350.0,653,24822,31699,26042,18658,19637,19110,17580,12644,4546,3906,2608,1742,19.35,52.5,13.83,8.04,5.38
2423003,0.0,0,0,0,0,0,0,0,0,0,0,0,0,0,0.0,0.0,0.0,0.0,0.0
2423003,10.0,0,0,0,0,0,0,0,0,0,0,0,0,0,0.0,0.0,0.0,0.0,0.0
2423003,20.0,1,0,0,0,0,0,0,0,0,0,0,0,0,0.0,0.0,0.0,0.0,0.0
2423003,30.0,11,0,0,0,0,0,0,0,0,0,0,0,0,0.0,0.0,0.0,0.0,0.0
2423003,40.0,44,1001,0,0,0,1002,0,0,0,303,0,0,0,0.28,1.3,0.19,0.1,0.11
2423003,50.0,95,6241,114,3,0,6238,103,2,0,1712,20,0,0,1.56,6.77,1.12,0.6,0.53
2423003,60.0,157,14061,1823,143,0,13841,1491,122,0,3121,250,21,0,3.64,14.92,2.65,1.47,1.16
2423003,70.0,220,21093,4999,995,57,20257,3389,720,37,4493,567,97,5,5.87,23.03,4.3,2.42,1.79
2423003,80.0,280,26477,8401,2806,611,23389,5248,1904,405,5089,897,266,53,7.92,29.79,5.9,3.33,2.37
2423003,90.0,334,29101,13035,5058,1599,24235,7714,3296,949,5344,1347,472,140,9.74,35.24,7.32,4.16,2.92
2423003,100.0,383,31218,16537,7121,3095,25547,9371,4457,1783,5644,1687,665,271,11.28,39.64,8.53,4.86,3.37
2423003,110.0,426,32689,19321,9090,4827,26148,10723,5241,2746,5656,1948,848,421,12.54,42.88,9.6,5.46,3.76
2423003,120.0,464,33090,21977,11005,6688,25947,12050,6030,3740,5624,2188,1014,583,13.59,45.41,10.48,5.96,4.1
2423003,130.0,497,32897,24466,12778,8482,25365,13310,6818,4676,5601,2410,1162,739,14.49,47.5,11.22,6.39,4.4
2423003,140.0,526,33054,25652,14681,10473,25104,13621,7740,5635,5567,2513,1334,911,15.28,49.31,11.86,6.76,4.64
2423003,150.0,551,33212,26552,16382,12261,24892,13786,8572,6488,5531,2590,1490,1066,15.96,50.86,12.41,7.09,4.85
2423003,160.0,574,32655,27986,17518,14069,24204,14273,9040,7329,5432,2727,1588,1224,16.49,51.86,12.86,7.36,5.04
2423003,170.0,594,32053,29322,18463,15687,23516,14739,9413,8079,5332,2855,1669,1364,16.95,52.67,13.24,7.59,5.2
2423003,180.0,612,31592,30399,19340,17082,22949,15095,9793,8711,5255,2957,1746,1486,17.36,53.4,13.58,7.79,5.35
2423003,190.0,628,31571,30893,20317,18151,22690,15166,10356,9139,5243,2995,1840,1578,17.72,54.13,13.89,7.97,5.47
2423003,200.0,642,31393,31433,21161,19166,22357,15290,10694,9572,5217,3041,1919,1667,18.04,54.73,14.15,8.13,5.57
2423003,210.0,655,31052,32030,21881,20142,21943,15469,10808,10015,5177,3098,1986,1754,18.31,55.19,14.38,8.26,5.67
2423003,220.0,667,30780,32537,22463,21064,21598,15603,10973,10403,5148,3148,2040,1834,18.56,55.59,14.58,8.39,5.75
2423003,230.0,678,30599,32938,22864,21965,21342,15673,11233,10727,5136,3189,2080,1910,18.77,55.92,14.76,8.5,5.83
2423003,240.0,687,30433,33305,23231,22789,21107,15737,11472,11023,5126,3227,2116,1980,18.96,56.22,14.93,8.6,5.9
2423003,250.0,696,30369,33307,23538,23479,20942,15662,11552,11289,5134,3229,2137,2042,19.08,56.32,15.04,8.66,5.94
2423003,260.0,704,30342,33186,23809,24090,20808,15543,11575,11531,5147,3220,2152,2098,19.17,56.36,15.14,8.72,5.98
2423003,270.0,712,30317,33073,24059,24653,20686,15434,11596,11754,5159,3211,2165,2150,19.25,56.39,15.22,8.76,6.01
2423003,280.0,719,30228,33006,24255,25152,20527,15345,11613,11946,5162,3207,2179,2196,19.31,56.38,15.29,8.8,6.03
2423003,290.0,725,30003,33020,24362,25569,20285,15286,11625,12094,5147,3211,2194,2232,19.33,56.28,15.32,8.82,6.05
2423003,300.0,725,30003,33020,24362,25569,20285,15286,11625,12094,5147,3211,2194,2232,19.33,56.28,15.32,8.82,6.05
2423003,310.0,725,30003,33020,24362,25569,20285,15286,11625,12094,5147,3211,2194,2232,19.33,56.28,15.32,8.82,6.05
2423003,320.0,725,30003,33020,24362,25569,20285,15286,11625,12094,5147,3211,2194,2232,19.33,56.28,15.32,8.82,6.05
2423003,330.0,725,30003,33020,24362,25569,20285,15286,11625,12094,5147,3211,2194,2232,19.33,56.28,15.32,8.82,6.05
2423003,340.0,725,30003,33020,24362,25569,20285,15286,11625,12094,5147,3211,2194,2232,19.33,56.28,15.32,8.82,6.05
2423003,350.0,725,30003,33020,24362,25569,20285,15286,11625,12094,5147,3211,2194,2232,19.33,56.28,15.32,8.82,6.05
2423004,0.0,0,0,0,0,0,0,0,0,0,0,0,0,0,0.0,0.0,0.0,0.0,0.0
2423004,10.0,0,0,0,0,0,0,0,0,0,0,0,0,0,0.0,0.0,0.0,0.0,0.0
2423004,20.0,0,0,0,0,0,0,0,0,0,0,0,0,0,0.0,0.0,0.0,0.0,0.0
2423004,30.0,2,0,0,0,0,0,0,0,0,0,0,0,0,0.0,0.0,0.0,0.0,0.0
2423004,40.0,8,0,0,0,0,0,0,0,0,0,0,0,0,0.0,0.0,0.0,0.0,0.0
2423004,50.0,24,685,0,0,0,685,0,0,0,211,0,0,0,0.19,0.92,0.13,0.07,0.07
2423004,60.0,48,3460,40,0,0,3460,40,0,0,1039,8,0,0,0.89,3.98,0.64,0.33,0.3
2423004,70.0,79,7573,768,37,0,7537,737,37,0,2082,149,8,0,1.96,8.22,1.44,0.77,0.61
2423004,80.0,112,11440,2433,343,28,11241,2142,301,18,2773,386,53,2,3.17,12.76,2.35,1.28,0.96
2423004,90.0,149,14907,4592,1247,207,14309,3639,955,153,3467,640,146,20,4.46,17.19,3.36,1.84,1.34
2423004,100.0,185,17101,7467,2801,707,15993,5243,2013,501,3774,921,296,66,5.74,21.28,4.37,2.4,1.73
2423004,110.0,221,19205,9907,4378,1653,17309,6424,3029,1113,4046,1129,444,153,6.97,24.96,5.34,2.96,2.1
2423004,120.0,255,20454,12489,5969,3171,17699,7796,4011,1963,4169,1374,588,287,8.1,28.02,6.29,3.48,2.45
2423004,130.0,287,21079,14959,7535,4893,17799,9012,4832,2990,4168,1595,724,442,9.13,30.66,7.13,3.96,2.78
2423004,140.0,317,21393,16791,9287,6871,17709,9774,5701,4120,4114,1747,879,618,10.04,32.91,7.86,4.39,3.07
2423004,150.0,344,21523,18335,10943,8893,17473,10340,6500,5238,4040,1875,1026,797,10.85,34.83,8.53,4.78,3.33
2423004,160.0,370,21413,20071,12181,10866,17018,11008,7040,6310,3940,2040,1139,972,11.57,36.41,9.14,5.13,3.58
2423004,170.0,393,21476,21277,13580,12687,16734,11414,7618,7214,3902,2143,1265,1133,12.24,37.83,9.71,5.45,3.8
2423004,180.0,415,21619,22164,14992,14342,16545,11669,8191,7994,3894,2210,1392,1279,12.85,39.09,10.23,5.75,4.01
2423004,190.0,435,21653,22763,16258,16194,16297,11738,8685,8903,3876,2269,1521,1440,13.39,40.14,10.69,6.02,4.19
2423004,200.0,452,21395,23490,17011,18143,15835,11965,9039,9799,3826,2356,1598,1614,13.85,41.02,11.06,6.25,4.35
2423004,210.0,469,21122,24141,17851,19810,15403,12217,9346,10562,3790,2432,1674,1763,14.27,41.84,11.4,6.45,4.5
2423004,220.0,484,21035,24591,18585,21313,15128,12338,9508,11291,3793,2483,1734,1901,14.65,42.54,11.72,6.64,4.63
2423004,230.0,497,21200,24814,18987,22793,15039,12266,9452,12063,3844,2508,1760,2041,14.97,43.07,12.01,6.81,4.75
2423004,240.0,509,21043,25020,19444,24125,14824,12201,9669,12663,3872,2512,1811,2158,15.23,43.51,12.23,6.94,4.83
2423004,250.0,520,20814,25197,19885,25298,14574,12144,9896,13181,3888,2517,1866,2260,15.45,43.86,12.41,7.06,4.91
2423004,260.0,530,20421,25321,20333,26232,14210,12101,10117,13587,3878,2530,1937,2344,15.6,44.03,12.54,7.14,4.97
2423004,270.0,539,20108,25410,20711,27089,13916,12044,10289,13935,3872,2546,1995,2422,15.74,44.2,12.66,7.21,5.03
2423004,280.0,547,19964,25419,20963,27891,13765,11936,10357,14179,3875,2568,2028,2495,15.87,44.41,12.76,7.28,5.07
2423004,290.0,554,19834,25426,21192,28621,13628,11837,10418,14401,3878,2589,2059,2562,15.99,44.6,12.85,7.34,5.1
2423004,300.0,554,19834,25426,21192,28621,13628,11837,10418,14401,3878,2589,2059,2562,15.99,44.6,12.85,7.34,5.1
2423004,310.0,554,19834,25426,21192,28621,13628,11837,10418,14401,3878,2589,2059,2562,15.99,44.6,12.85,7.34,5.1
2423004,320.0,554,19834,25426,21192,28621,13628,11837,10418,14401,3878,2589,2059,2562,15.99,44.6,12.85,7.34,5.1
2423004,330.0,554,19834,25426,21192,28621,13628,11837,10418,14401,3878,2589,2059,2562,15.99,44.6,12.85,7.34,5.1
2423004,340.0,554,19834,25426,21192,28621,13628,11837,10418,14401,3878,2589,2059,2562,15.99,44.6,12.85,7.34,5.1
2423004,350.0,554,19834,25426,21192,28621,13628,11837,10418,14401,3878,2589,2059,2562,15.99,44.6,12.85,7.34,5.1
2423007,0.0,0,0,0,0,0,0,0,0,0,0,0,0,0,0.0,0.0,0.0,0.0,0.0
2423007,10.0,0,0,0,0,0,0,0,0,0,0,0,0,0,0.0,0.0,0.0,0.0,0.0
2423007,20.0,3,0,0,0,0,0,0,0,0,0,0,0,0,0.0,0.0,0.0,0.0,0.0
2423007,30.0,30,551,0,0,0,552,0,0,0,170,0,0,0,0.16,0.79,0.11,0.05,0.06
2423007,40.0,91,8075,468,12,0,8051,447,12,0,2267,90,2,0,2.05,8.77,1.49,0.8,0.66
2423007,50.0,168,17403,3900,735,89,16956,3233,581,62,4072,563,90,8,4.85,19.28,3.6,1.98,1.46
2423007,60.0,246,23582,9607,3450,779,22068,6571,2454,550,5148,1133,351,72,7.7,28.71,5.82,3.22,2.32
2423007,70.0,319,27787,14805,6677,2949,24401,9179,4505,1856,5688,1591,661,268,10.23,36.15,7.85,4.37,3.08
2423007,80.0,382,29580,19995,9505,6140,24830,11869,6059,3703,5781,2084,910,552,12.34,41.73,9.58,5.36,3.75
2423007,90.0,436,30250,23458,12792,9607,24675,13326,7637,5667,5685,2375,1200,860,14.03,45.95,10.95,6.15,4.28
2423007,100.0,482,30224,26518,15410,13008,24030,14494,8826,7511,5523,2655,1436,1161,15.4,49.11,12.08,6.81,4.73
2423007,110.0,521,30117,29043,17638,16046,23376,15429,9764,9055,5404,2890,1639,1429,16.55,51.6,13.05,7.36,5.11
2423007,120.0,555,30400,30491,20042,18617,23065,15861,10749,10221,5400,2999,1854,1655,17.55,53.73,13.91,7.85,5.45
2423007,130.0,584,30629,31422,22126,21160,22796,15993,11556,11428,5388,3097,2064,1872,18.38,55.3,14.63,8.27,5.73
2423007,140.0,608,30210,32567,23043,24045,22099,16333,12031,12747,5299,3230,2161,2131,19.04,56.59,15.15,8.59,5.96
2423007,150.0,630,29823,33460,24352,26254,21506,16722,12478,13777,5256,3332,2277,2330,19.63,57.77,15.64,8.88,6.17
2423007,160.0,649,29735,34064,25314,28222,21162,16894,12652,14753,5264,3398,2353,2513,20.13,58.68,16.07,9.13,6.35
2423007,170.0,666,29893,34461,25793,30100,21015,16858,12567,15732,5304,3440,2381,2694,20.53,59.33,16.43,9.34,6.49
2423007,180.0,680,29687,34708,26380,31672,20724,16774,12874,16420,5346,3442,2445,2827,20.85,59.86,16.68,9.5,6.6
2423007,190.0,693,29465,34916,26917,33058,20444,16693,13171,17018,5381,3441,2506,2943,21.12,60.31,16.9,9.64,6.69
2423007,200.0,705,28940,34968,27447,34102,19980,16579,13444,17450,5363,3446,2595,3039,21.26,60.38,17.03,9.72,6.75
2423007,210.0,715,28468,35015,27924,35041,19563,16476,13690,17838,5347,3451,2674,3125,21.39,60.45,17.15,9.79,6.81
2423007,220.0,724,28178,35013,28222,35920,19307,16350,13796,18127,5340,3466,2720,3206,21.51,60.57,17.25,9.85,6.85
2423007,230.0,732,27985,34988,28423,36732,19138,16218,13831,18357,5338,3486,2746,3281,21.62,60.72,17.33,9.91,6.88
2423007,240.0,739,27811,34965,28605,37471,18985,16098,13863,18566,5335,3504,2771,3349,21.72,60.86,17.4,9.96,6.91
2423007,250.0,746,27525,34981,28705,38083,18774,16058,13841,18794,5304,3532,2787,3404,21.77,60.85,17.44,9.99,6.93
2423007,260.0,752,27127,35034,28723,38576,18504,16096,13764,19041,5243,3572,2795,3448,21.77,60.7,17.44,10.0,6.94
2423007,270.0,758,26761,35082,28739,39028,18256,16132,13694,19268,5187,3609,2802,3487,21.78,60.57,17.44,10.01,6.94
2423007,280.0,763,26424,35127,28755,39444,18028,16164,13630,19477,5135,3643,2809,3524,21.78,60.45,17.44,10.02,6.95
2423007,290.0,767,26114,35168,28769,39828,17817,16194,13571,19670,5087,3674,2815,3558,21.78,60.33,17.44,10.02,6.95
2423007,300.0,767,26114,35168,28769,39828,17817,16194,13571,19670,5087,3674,2815,3558,21.78,60.33,17.44,10.02,6.95
2423007,310.0,767,26114,35168,28769,39828,17817,16194,13571,19670,5087,3674,2815,3558,21.78,60.33,17.44,10.02,6.95
2423007,320.0,767,26114,35168,28769,39828,17817,16194,13571,19670,5087,3674,2815,3558,21.78,60.33,17.44,10.02,6.95
2423007,330.0,767,26114,35168,28769,39828,17817,16194,13571,19670,5087,3674,2815,3558,21.78,60.33,17.44,10.02,6.95
2423007,340.0,767,26114,35168,28769,39828,17817,16194,13571,19670,5087,3674,2815,3558,21.78,60.33,17.44,10.02,6.95
2423007,350.0,767,26114,35168,28769,39828,17817,16194,13571,19670,5087,3674,2815,3558,21.78,60.33,17.44,10.02,6.95
